run_id,timestamp,description,trades,win_rate,total_pnl,final_bankroll,profit_factor,sharpe_ratio,max_dd_pct,avg_win,avg_loss,avg_hold_min,tp_exits,sl_exits,trail_exits,time_exits,config_changes
BASE,2026-03-18 04:49:29,BASELINE - current config,298,0.2383,-10.1334,39.87,0.2291,0.2901,20.27,0.0424,0.0579,274,50,217,10,20,
T09380,2026-03-18 04:51:09,TP=1.5x SL=0.8x ATR (R:R=1.9),278,0.1619,-10.1962,39.80,0.1013,-0.7384,20.39,0.0255,0.0487,154,54,199,20,4,tp_atr_mult=1.5; sl_atr_mult=0.8
T09469,2026-03-18 04:52:38,TP=1.5x SL=1.0x ATR (R:R=1.5),384,0.2240,-12.7943,37.21,0.1533,0.0495,25.59,0.0269,0.0507,203,109,243,22,9,tp_atr_mult=1.5; sl_atr_mult=1.0
T09558,2026-03-18 04:54:09,TP=1.5x SL=1.2x ATR (R:R=1.2),545,0.2844,-16.6825,33.32,0.1827,0.2646,33.37,0.0241,0.0523,222,182,334,11,17,tp_atr_mult=1.5; sl_atr_mult=1.2
T09649,2026-03-18 04:55:22,TP=2.0x SL=0.8x ATR (R:R=2.5),158,0.1139,-6.4431,43.56,0.0799,-0.1494,12.89,0.0311,0.0500,180,14,128,14,2,tp_atr_mult=2.0; sl_atr_mult=0.8
T09722,2026-03-18 04:56:32,TP=2.0x SL=1.0x ATR (R:R=2.0),248,0.1573,-9.6426,40.36,0.0945,-0.2217,19.29,0.0258,0.0510,232,33,182,21,11,tp_atr_mult=2.0; sl_atr_mult=1.0
T09792,2026-03-18 04:57:41,TP=2.0x SL=1.2x ATR (R:R=1.7),294,0.2211,-10.7738,39.23,0.1442,0.2986,21.55,0.0279,0.0550,266,56,206,12,19,tp_atr_mult=2.0; sl_atr_mult=1.2
T09861,2026-03-18 04:58:47,TP=2.0x SL=1.5x ATR (R:R=1.3),488,0.2889,-14.3049,35.70,0.2678,0.4975,28.61,0.0371,0.0563,257,122,325,10,29,tp_atr_mult=2.0; sl_atr_mult=1.5
T09927,2026-03-18 04:59:58,TP=2.5x SL=0.8x ATR (R:R=3.1),155,0.1161,-6.0667,43.93,0.1139,-0.4864,12.13,0.0433,0.0500,186,13,125,13,3,tp_atr_mult=2.5; sl_atr_mult=0.8
T09998,2026-03-18 05:01:07,TP=2.5x SL=1.0x ATR (R:R=2.5),226,0.1416,-8.7478,41.25,0.1218,0.2285,17.50,0.0379,0.0513,236,23,175,18,10,tp_atr_mult=2.5; sl_atr_mult=1.0
T10067,2026-03-18 05:02:15,TP=2.5x SL=1.2x ATR (R:R=2.1),253,0.1739,-9.4160,40.58,0.1544,0.5313,18.83,0.0391,0.0533,276,29,192,12,20,tp_atr_mult=2.5; sl_atr_mult=1.2
T10135,2026-03-18 05:03:23,TP=2.5x SL=1.5x ATR (R:R=1.7),291,0.2131,-9.9858,40.01,0.1961,0.3630,19.97,0.0393,0.0542,298,44,209,10,26,tp_atr_mult=2.5; sl_atr_mult=1.5
T10203,2026-03-18 05:04:31,TP=2.5x SL=2.0x ATR (R:R=1.2),291,0.2131,-10.0389,39.96,0.1952,0.3605,20.08,0.0393,0.0545,299,44,210,9,26,tp_atr_mult=2.5; sl_atr_mult=2.0
T10271,2026-03-18 05:05:41,TP=3.0x SL=0.8x ATR (R:R=3.8),142,0.1056,-5.7087,44.29,0.0825,-0.0462,11.42,0.0342,0.0490,196,4,118,17,3,tp_atr_mult=3.0; sl_atr_mult=0.8
T10341,2026-03-18 05:06:50,TP=3.0x SL=1.0x ATR (R:R=3.0),195,0.1333,-7.8978,42.10,0.0952,0.2269,15.80,0.0320,0.0516,245,9,155,21,10,tp_atr_mult=3.0; sl_atr_mult=1.0
T10410,2026-03-18 05:07:59,TP=3.0x SL=1.2x ATR (R:R=2.5),219,0.1598,-8.6127,41.39,0.1224,0.0918,17.23,0.0343,0.0533,274,12,169,17,20,tp_atr_mult=3.0; sl_atr_mult=1.2
T10479,2026-03-18 05:09:07,TP=3.0x SL=1.5x ATR (R:R=2.0),267,0.1873,-9.7936,40.21,0.1486,0.1033,19.59,0.0342,0.0530,306,18,203,18,26,tp_atr_mult=3.0; sl_atr_mult=1.5
T10547,2026-03-18 05:10:14,TP=3.0x SL=2.0x ATR (R:R=1.5),268,0.1866,-9.9092,40.09,0.1470,0.0955,19.82,0.0341,0.0533,305,18,205,17,26,tp_atr_mult=3.0; sl_atr_mult=2.0
T10614,2026-03-18 05:11:22,TP=3.0x SL=2.5x ATR (R:R=1.2),268,0.1866,-9.9092,40.09,0.1470,0.0955,19.82,0.0341,0.0533,305,18,205,17,26,tp_atr_mult=3.0; sl_atr_mult=2.5
T10682,2026-03-18 05:12:33,TP=3.5x SL=0.8x ATR (R:R=4.4),129,0.1008,-5.1128,44.89,0.0974,0.0109,10.23,0.0425,0.0488,208,3,109,14,3,tp_atr_mult=3.5; sl_atr_mult=0.8
T10753,2026-03-18 05:13:42,TP=3.5x SL=1.0x ATR (R:R=3.5),189,0.1323,-7.6867,42.31,0.0918,0.2529,15.37,0.0311,0.0516,251,4,153,20,12,tp_atr_mult=3.5; sl_atr_mult=1.0
T10822,2026-03-18 05:14:50,TP=3.5x SL=1.2x ATR (R:R=2.9),210,0.1571,-8.3506,41.65,0.1158,0.3224,16.70,0.0331,0.0534,281,5,166,17,22,tp_atr_mult=3.5; sl_atr_mult=1.2
T10890,2026-03-18 05:15:58,TP=3.5x SL=1.5x ATR (R:R=2.3),238,0.1849,-8.8043,41.20,0.1492,-0.0514,17.61,0.0351,0.0533,309,9,183,16,28,tp_atr_mult=3.5; sl_atr_mult=1.5
T10958,2026-03-18 05:17:06,TP=3.5x SL=2.0x ATR (R:R=1.8),238,0.1849,-8.8466,41.15,0.1486,-0.0534,17.69,0.0351,0.0536,309,9,184,15,28,tp_atr_mult=3.5; sl_atr_mult=2.0
T11026,2026-03-18 05:18:14,TP=3.5x SL=2.5x ATR (R:R=1.4),238,0.1849,-8.8466,41.15,0.1486,-0.0534,17.69,0.0351,0.0536,309,9,184,15,28,tp_atr_mult=3.5; sl_atr_mult=2.5
T11094,2026-03-18 05:19:24,TP=4.0x SL=0.8x ATR (R:R=5.0),129,0.1008,-5.1571,44.84,0.0888,0.0069,10.31,0.0387,0.0488,208,2,110,14,3,tp_atr_mult=4.0; sl_atr_mult=0.8
T11164,2026-03-18 05:20:33,TP=4.0x SL=1.0x ATR (R:R=4.0),189,0.1323,-7.7227,42.28,0.0868,0.2503,15.45,0.0294,0.0516,252,3,154,20,12,tp_atr_mult=4.0; sl_atr_mult=1.0
T11233,2026-03-18 05:21:42,TP=4.0x SL=1.2x ATR (R:R=3.3),210,0.1571,-8.3767,41.62,0.1125,0.3205,16.75,0.0322,0.0533,282,4,167,17,22,tp_atr_mult=4.0; sl_atr_mult=1.2
T11302,2026-03-18 05:22:51,TP=4.0x SL=1.5x ATR (R:R=2.7),238,0.1849,-8.8710,41.13,0.1422,-0.0540,17.74,0.0334,0.0533,310,6,186,16,28,tp_atr_mult=4.0; sl_atr_mult=1.5
T11371,2026-03-18 05:23:59,TP=4.0x SL=2.0x ATR (R:R=2.0),238,0.1849,-8.9113,41.09,0.1416,-0.0570,17.82,0.0334,0.0535,310,6,187,15,28,tp_atr_mult=4.0; sl_atr_mult=2.0
T11439,2026-03-18 05:25:07,TP=4.0x SL=2.5x ATR (R:R=1.6),238,0.1849,-8.9113,41.09,0.1416,-0.0570,17.82,0.0334,0.0535,310,6,187,15,28,tp_atr_mult=4.0; sl_atr_mult=2.5
T11507,2026-03-18 05:26:17,TP=5.0x SL=0.8x ATR (R:R=6.2),129,0.1008,-5.1551,44.84,0.0897,0.0071,10.31,0.0391,0.0488,209,1,111,14,3,tp_atr_mult=5.0; sl_atr_mult=0.8
T11577,2026-03-18 05:27:26,TP=5.0x SL=1.0x ATR (R:R=5.0),189,0.1323,-7.7052,42.29,0.0895,0.2510,15.41,0.0303,0.0516,252,2,155,20,12,tp_atr_mult=5.0; sl_atr_mult=1.0
T11646,2026-03-18 05:28:35,TP=5.0x SL=1.2x ATR (R:R=4.2),210,0.1571,-8.3420,41.66,0.1170,0.3230,16.68,0.0335,0.0534,283,3,168,17,22,tp_atr_mult=5.0; sl_atr_mult=1.2
T11715,2026-03-18 05:29:43,TP=5.0x SL=1.5x ATR (R:R=3.3),238,0.1849,-8.8715,41.13,0.1425,-0.0548,17.74,0.0335,0.0533,310,3,187,18,28,tp_atr_mult=5.0; sl_atr_mult=1.5
T11783,2026-03-18 05:30:51,TP=5.0x SL=2.0x ATR (R:R=2.5),238,0.1849,-8.9141,41.09,0.1419,-0.0573,17.83,0.0335,0.0535,311,3,188,17,28,tp_atr_mult=5.0; sl_atr_mult=2.0
T11851,2026-03-18 05:31:59,TP=5.0x SL=2.5x ATR (R:R=2.0),238,0.1849,-8.9141,41.09,0.1419,-0.0573,17.83,0.0335,0.0535,311,3,188,17,28,tp_atr_mult=5.0; sl_atr_mult=2.5
T11964,2026-03-18 05:33:49,min_confluence=3,291,0.2131,-10.0389,39.96,0.1952,0.3605,20.08,0.0393,0.0545,299,44,210,9,26,min_confluence_score=3
T12029,2026-03-18 05:34:54,min_confluence=4,291,0.2131,-10.0389,39.96,0.1952,0.3605,20.08,0.0393,0.0545,299,44,210,9,26,min_confluence_score=4
T12094,2026-03-18 05:36:03,min_confluence=5,46,0.2609,-1.8356,48.16,0.2827,0.4366,3.67,0.0603,0.0753,314,8,31,1,6,min_confluence_score=5
T12163,2026-03-18 05:37:12,min_confluence=6,9,0.1111,-0.4594,49.54,0.0007,-0.0029,0.92,0.0003,0.0575,403,0,7,0,2,min_confluence_score=6
T12232,2026-03-18 05:38:20,min_confluence=7,0,0.0000,0.0000,50.00,0.0000,0.0000,0.00,0.0000,0.0000,0,0,0,0,0,min_confluence_score=7
T12300,2026-03-18 05:39:30,min_confluence=8,0,0.0000,0.0000,50.00,0.0000,0.0000,0.00,0.0000,0.0000,0,0,0,0,0,min_confluence_score=8
T12376,2026-03-18 05:40:41,Regime filter: ranging_min=5,291,0.2131,-10.0389,39.96,0.1952,0.3605,20.08,0.0393,0.0545,299,44,210,9,26,min_ranging_score=5
T12441,2026-03-18 05:41:48,Regime filter: ranging_min=6,311,0.2186,-10.4577,39.54,0.1940,0.1548,20.92,0.0370,0.0534,286,51,224,11,23,min_ranging_score=6
T12508,2026-03-18 05:42:54,Regime filter: ranging_min=7,311,0.2186,-10.4577,39.54,0.1940,0.1548,20.92,0.0370,0.0534,286,51,224,11,23,min_ranging_score=7
T12574,2026-03-18 05:44:00,Regime filter: ranging_min=8,311,0.2186,-10.4577,39.54,0.1940,0.1548,20.92,0.0370,0.0534,286,51,224,11,23,min_ranging_score=8
T12640,2026-03-18 05:45:07,Regime filter: NO RANGING,311,0.2186,-10.4577,39.54,0.1940,0.1548,20.92,0.0370,0.0534,286,51,224,11,23,min_ranging_score=99
T12707,2026-03-18 05:46:13,TREND-ONLY (block ranging+transitional),304,0.2237,-9.8544,40.15,0.2038,0.1222,19.71,0.0371,0.0524,295,50,217,11,24,min_ranging_score=99; adx_trending=20
T12782,2026-03-18 05:47:26,Maker fees (0.4% instead of 0.6%),516,0.2752,-10.1103,39.89,0.4085,0.4796,20.22,0.0492,0.0457,277,85,374,17,38,taker_fee_pct=0.004
T12852,2026-03-18 05:48:40,Maker fees + confluence 5,46,0.2609,-1.0087,48.99,0.4877,0.4976,2.02,0.0800,0.0579,314,8,31,1,6,taker_fee_pct=0.004; min_confluence_score=5
T12920,2026-03-18 05:49:49,Maker fees + confluence 5 + TP=3.5 SL=1.0,28,0.1429,-0.9203,49.08,0.2491,0.3981,1.84,0.0763,0.0511,254,2,21,2,3,taker_fee_pct=0.004; min_confluence_score=5; tp_atr_mult=3.5; sl_atr_mult=1.0
T12990,2026-03-18 05:50:59,Maker fees + high conf 5 + wide TP=4 SL=0.8,28,0.1429,-0.7296,49.27,0.3263,0.3255,1.46,0.0883,0.0451,189,2,23,2,1,taker_fee_pct=0.004; min_confluence_score=5; tp_atr_mult=4.0; sl_atr_mult=0.8
T13266,2026-03-18 05:55:28,"v3.2 NEW SIGNALS (RSI div, engulfing, swing, ATR ratio)",1235,0.2308,-29.2415,20.76,0.2138,0.3740,58.48,0.0279,0.0392,296,227,852,27,126,
T13339,2026-03-18 05:56:45,v3.2 + conf=5,696,0.2342,-22.4140,27.59,0.2099,1.1600,44.83,0.0365,0.0532,313,137,474,10,71,min_confluence_score=5
T13405,2026-03-18 05:57:59,v3.2 + conf=6,116,0.1552,-5.8393,44.16,0.1108,0.9686,11.68,0.0404,0.0670,328,18,86,3,9,min_confluence_score=6
T13480,2026-03-18 05:59:15,v3.2 + conf=7,52,0.2308,-2.6319,47.37,0.1855,0.4372,5.26,0.0499,0.0808,334,11,34,2,5,min_confluence_score=7
T13555,2026-03-18 06:00:31,v3.2 + conf=8,11,0.0909,-0.5220,49.48,0.1644,0.1700,1.04,0.1027,0.0625,479,1,8,0,2,min_confluence_score=8
T13636,2026-03-18 06:01:52,v3.2+conf7+maker,56,0.2321,-1.8272,48.17,0.3266,0.5527,3.90,0.0682,0.0631,334,10,38,2,6,min_confluence_score=7; taker_fee_pct=0.004
T13712,2026-03-18 06:03:06,v3.2+conf6+maker,173,0.2023,-5.3245,44.68,0.2836,0.9913,10.65,0.0602,0.0539,323,27,128,4,14,min_confluence_score=6; taker_fee_pct=0.004
T13786,2026-03-18 06:04:12,v3.2+conf5+maker+TP3.5,769,0.2536,-17.6777,32.32,0.3173,1.4758,35.36,0.0421,0.0451,324,47,593,31,95,min_confluence_score=5; taker_fee_pct=0.004; tp_atr_mult=3.5
T13879,2026-03-18 06:05:54,EXTREME ONLY: conf7+maker+TP5+SL1.5+hold48,30,0.1667,-1.2077,48.79,0.2068,0.7918,2.42,0.0630,0.0609,518,0,28,1,1,min_confluence_score=7; taker_fee_pct=0.004; tp_atr_mult=5.0; sl_atr_mult=1.5; max_hold_hours=48
T13954,2026-03-18 06:07:07,EXTREME ONLY: conf6+maker+TP5+SL1.5+hold48,141,0.1702,-5.1031,44.90,0.1846,1.1190,10.21,0.0481,0.0535,375,0,132,8,1,min_confluence_score=6; taker_fee_pct=0.004; tp_atr_mult=5.0; sl_atr_mult=1.5; max_hold_hours=48
T14027,2026-03-18 06:08:12,EXTREME RSI: conf5+maker+RSI_os=20+ob=80,839,0.2718,-17.4013,32.60,0.3747,1.2561,34.83,0.0457,0.0455,309,160,571,17,87,min_confluence_score=5; taker_fee_pct=0.004; rsi_oversold_trending=20; rsi_overbought_trending=80; rsi_oversold_ranging=15; rsi_overbought_ranging=85
T14092,2026-03-18 06:09:24,VOLATILE ONLY: conf5+maker+atr_contract=1.2,285,0.2491,-7.6924,42.31,0.3392,0.8946,15.38,0.0556,0.0544,273,54,205,7,19,min_confluence_score=5; taker_fee_pct=0.004; atr_contraction_threshold=1.2
T14215,2026-03-18 06:11:13,ZERO FEE TEST: baseline signals,1596,0.4411,8.2472,58.25,1.2557,1.5882,3.72,0.0575,0.0362,296,264,1136,26,167,taker_fee_pct=0.0
T14274,2026-03-18 06:12:16,ZERO FEE + conf5,1239,0.4600,10.2784,60.28,1.3771,1.8997,3.01,0.0659,0.0407,302,231,849,20,135,taker_fee_pct=0.0; min_confluence_score=5
T14336,2026-03-18 06:13:25,ZERO FEE + conf6,682,0.4736,6.1318,56.13,1.4218,2.1826,3.77,0.0640,0.0405,297,134,463,17,65,taker_fee_pct=0.0; min_confluence_score=6
T14405,2026-03-18 06:14:39,ZERO FEE + conf7,247,0.4615,1.9365,51.94,1.3147,1.6306,2.10,0.0710,0.0463,311,41,177,7,22,taker_fee_pct=0.0; min_confluence_score=7
T14492,2026-03-18 06:15:56,LOW FEE 0.2% (maker entry + exit),1017,0.3333,-9.3669,40.63,0.6591,1.6048,18.73,0.0534,0.0405,308,182,700,20,111,taker_fee_pct=0.002; min_confluence_score=5
T14557,2026-03-18 06:17:08,LOW FEE 0.2% + conf6,452,0.3650,-3.4202,46.58,0.7455,1.7558,8.09,0.0607,0.0468,312,95,299,9,46,taker_fee_pct=0.002; min_confluence_score=6
T14628,2026-03-18 06:18:21,LOW FEE 0.3% + conf6,251,0.2590,-5.1189,44.88,0.4384,1.1002,10.24,0.0615,0.0490,319,41,178,6,26,taker_fee_pct=0.003; min_confluence_score=6
T14701,2026-03-18 06:19:35,MAKER 0.4% + conf6,173,0.2023,-5.3245,44.68,0.2836,0.9913,10.65,0.0602,0.0539,323,27,128,4,14,taker_fee_pct=0.004; min_confluence_score=6
T14775,2026-03-18 06:20:41,MAKER 0.4% + conf5,842,0.2696,-18.0545,31.95,0.3573,1.1060,36.11,0.0442,0.0457,306,163,579,14,82,taker_fee_pct=0.004; min_confluence_score=5
T14863,2026-03-18 06:22:16,SWING: conf6+TP10+SL3+hold72h+maker,182,0.2088,-5.6424,44.36,0.2811,1.1868,11.28,0.0581,0.0545,397,0,170,12,0,min_confluence_score=6; tp_atr_mult=10.0; sl_atr_mult=3.0; max_hold_hours=72; taker_fee_pct=0.004
T14936,2026-03-18 06:23:29,SWING: conf6+TP8+SL2.5+hold48h+maker,182,0.2088,-5.6241,44.38,0.2841,1.1876,11.25,0.0587,0.0546,392,0,169,12,1,min_confluence_score=6; tp_atr_mult=8.0; sl_atr_mult=2.5; max_hold_hours=48; taker_fee_pct=0.004
T15009,2026-03-18 06:24:34,SWING: conf5+TP8+SL3+hold72h+maker,686,0.2536,-16.2539,33.75,0.3316,1.4163,32.51,0.0463,0.0475,390,2,632,49,0,min_confluence_score=5; tp_atr_mult=8.0; sl_atr_mult=3.0; max_hold_hours=72; taker_fee_pct=0.004
T15074,2026-03-18 06:25:47,TIME EXIT ONLY: conf6+TP=999+SL=999+hold24h+maker,185,0.2162,-5.6736,44.33,0.2910,1.0498,11.35,0.0582,0.0552,381,0,169,12,4,min_confluence_score=6; tp_atr_mult=999.0; sl_atr_mult=999.0; max_hold_hours=24; taker_fee_pct=0.004
T15147,2026-03-18 06:27:00,TIME EXIT ONLY: conf6+hold48h+maker,182,0.2088,-5.6241,44.38,0.2841,1.1876,11.25,0.0587,0.0546,392,0,169,12,1,min_confluence_score=6; tp_atr_mult=999.0; sl_atr_mult=999.0; max_hold_hours=48; taker_fee_pct=0.004
T15280,2026-03-18 06:29:08,WIDE TRAIL: conf6+trail=5.0+maker,336,0.3363,-8.9155,41.08,0.4542,2.1240,17.83,0.0656,0.0732,517,88,101,0,144,min_confluence_score=6; trailing_atr_mult=5.0; taker_fee_pct=0.004
T15348,2026-03-18 06:30:07,WIDE TRAIL: conf5+trail=5.0+maker,824,0.3544,-18.7145,31.29,0.4137,1.6322,37.43,0.0452,0.0600,497,212,281,2,324,min_confluence_score=5; trailing_atr_mult=5.0; taker_fee_pct=0.004
T15407,2026-03-18 06:31:17,NO TRAIL: conf6+trail=999+maker,336,0.3363,-8.9155,41.08,0.4542,2.1240,17.83,0.0656,0.0732,517,88,101,0,144,min_confluence_score=6; trailing_atr_mult=999.0; taker_fee_pct=0.004
T15477,2026-03-18 06:32:15,NO TRAIL+WIDE: conf6+trail=999+TP5+SL3+hold48+maker,257,0.4008,-8.7493,41.25,0.5726,2.0817,17.50,0.1138,0.1329,1775,62,105,0,86,min_confluence_score=6; trailing_atr_mult=999.0; tp_atr_mult=5.0; sl_atr_mult=3.0; max_hold_hours=48; taker_fee_pct=0.004; breakeven_at_1r=False
T15549,2026-03-18 06:33:27,BEST+wider TP: conf6+trail999+TP8+SL3+hold48+maker,226,0.3761,-6.9478,43.05,0.6208,2.0431,13.90,0.1338,0.1300,1983,30,92,0,101,min_confluence_score=6; trailing_atr_mult=999.0; tp_atr_mult=8.0; sl_atr_mult=3.0; max_hold_hours=48; taker_fee_pct=0.004; breakeven_at_1r=False
T15607,2026-03-18 06:34:24,BEST+wider SL: conf6+trail999+TP5+SL4+hold48+maker,239,0.4226,-6.1614,43.84,0.6825,1.9690,12.32,0.1311,0.1406,2034,65,69,0,101,min_confluence_score=6; trailing_atr_mult=999.0; tp_atr_mult=5.0; sl_atr_mult=4.0; max_hold_hours=48; taker_fee_pct=0.004; breakeven_at_1r=False
T15664,2026-03-18 06:35:21,BEST+longer hold: conf6+trail999+TP5+SL3+hold96+maker,189,0.3862,-6.3581,43.64,0.6585,2.1350,13.02,0.1680,0.1605,2490,58,105,0,23,min_confluence_score=6; trailing_atr_mult=999.0; tp_atr_mult=5.0; sl_atr_mult=3.0; max_hold_hours=96; taker_fee_pct=0.004; breakeven_at_1r=False
T15721,2026-03-18 06:36:19,ZERO FEE CHECK: conf6+trail999+TP5+SL3+hold48,264,0.4432,-0.5795,49.42,0.9675,2.0534,5.92,0.1473,0.1212,1786,67,105,0,87,min_confluence_score=6; trailing_atr_mult=999.0; tp_atr_mult=5.0; sl_atr_mult=3.0; max_hold_hours=48; taker_fee_pct=0.0; breakeven_at_1r=False
T15800,2026-03-18 06:37:41,SWEET SPOT A: conf6+trail999+TP3+SL2+hold24+maker,421,0.4727,-6.0630,43.94,0.7219,2.8595,12.13,0.0791,0.0982,838,150,144,0,122,min_confluence_score=6; trailing_atr_mult=999.0; tp_atr_mult=3.0; sl_atr_mult=2.0; max_hold_hours=24; taker_fee_pct=0.004; breakeven_at_1r=False
T15861,2026-03-18 06:38:43,SWEET SPOT B: conf6+trail999+TP3.5+SL2.5+hold24+maker,344,0.4390,-7.1563,42.84,0.6481,2.4294,14.31,0.0873,0.1054,984,96,105,0,138,min_confluence_score=6; trailing_atr_mult=999.0; tp_atr_mult=3.5; sl_atr_mult=2.5; max_hold_hours=24; taker_fee_pct=0.004; breakeven_at_1r=False
T15923,2026-03-18 06:39:45,SWEET SPOT C: conf6+trail999+TP4+SL3+hold24+maker,343,0.4169,-8.3125,41.69,0.5946,2.3707,16.62,0.0853,0.1025,1072,72,93,0,173,min_confluence_score=6; trailing_atr_mult=999.0; tp_atr_mult=4.0; sl_atr_mult=3.0; max_hold_hours=24; taker_fee_pct=0.004; breakeven_at_1r=False
T15985,2026-03-18 06:40:42,SWEET SPOT D: conf6+trail999+TP4+SL3.5+hold36+maker,333,0.5165,-3.9423,46.06,0.8238,2.3599,10.31,0.1072,0.1390,1422,112,87,0,129,min_confluence_score=6; trailing_atr_mult=999.0; tp_atr_mult=4.0; sl_atr_mult=3.5; max_hold_hours=36; taker_fee_pct=0.004; breakeven_at_1r=False
T16042,2026-03-18 06:41:40,SWEET SPOT E: conf6+trail999+TP3.5+SL3+hold36+maker,347,0.4813,-7.1301,42.87,0.6883,2.2016,14.26,0.0943,0.1271,1288,123,113,0,106,min_confluence_score=6; trailing_atr_mult=999.0; tp_atr_mult=3.5; sl_atr_mult=3.0; max_hold_hours=36; taker_fee_pct=0.004; breakeven_at_1r=False
T16100,2026-03-18 06:42:34,SWEET SPOT F: conf5+trail999+TP4+SL3.5+hold36+maker,399,0.4637,-9.3628,40.64,0.6442,0.8103,18.84,0.0916,0.1230,1419,112,119,0,163,min_confluence_score=5; trailing_atr_mult=999.0; tp_atr_mult=4.0; sl_atr_mult=3.5; max_hold_hours=36; taker_fee_pct=0.004; breakeven_at_1r=False
T16193,2026-03-18 06:44:10,REFINE D1: conf6+trail999+TP4.5+SL3.5+hold36+maker,301,0.4618,-4.6402,45.36,0.7798,2.3190,11.20,0.1182,0.1301,1497,87,80,0,129,min_confluence_score=6; trailing_atr_mult=999.0; tp_atr_mult=4.5; sl_atr_mult=3.5; max_hold_hours=36; taker_fee_pct=0.004; breakeven_at_1r=False
T16250,2026-03-18 06:45:07,REFINE D2: conf6+trail999+TP4+SL4+hold36+maker,316,0.4968,-4.9859,45.01,0.7697,2.1673,9.97,0.1061,0.1361,1494,101,75,0,135,min_confluence_score=6; trailing_atr_mult=999.0; tp_atr_mult=4.0; sl_atr_mult=4.0; max_hold_hours=36; taker_fee_pct=0.004; breakeven_at_1r=False
T16307,2026-03-18 06:46:04,REFINE D3: conf6+trail999+TP4+SL3.5+hold48+maker,289,0.4913,-4.1048,45.90,0.8096,1.9953,8.53,0.1229,0.1467,1718,114,86,0,84,min_confluence_score=6; trailing_atr_mult=999.0; tp_atr_mult=4.0; sl_atr_mult=3.5; max_hold_hours=48; taker_fee_pct=0.004; breakeven_at_1r=False
T16364,2026-03-18 06:47:00,REFINE D4: conf6+trail999+TP3.5+SL3.5+hold36+maker,351,0.5185,-4.2103,45.79,0.8190,2.0326,10.52,0.1047,0.1377,1393,132,90,0,124,min_confluence_score=6; trailing_atr_mult=999.0; tp_atr_mult=3.5; sl_atr_mult=3.5; max_hold_hours=36; taker_fee_pct=0.004; breakeven_at_1r=False
T16420,2026-03-18 06:47:58,REFINE D5: conf6+trail999+TP4.5+SL4+hold36+maker,280,0.4571,-4.6561,45.34,0.7651,2.1443,10.39,0.1185,0.1304,1596,79,64,0,132,min_confluence_score=6; trailing_atr_mult=999.0; tp_atr_mult=4.5; sl_atr_mult=4.0; max_hold_hours=36; taker_fee_pct=0.004; breakeven_at_1r=False
T16478,2026-03-18 06:48:59,REFINE D6: conf6+trail999+TP4+SL3.5+hold36+noranging,266,0.4586,-5.9552,44.04,0.6995,2.4233,11.91,0.1136,0.1376,1432,78,78,0,106,min_confluence_score=6; trailing_atr_mult=999.0; tp_atr_mult=4.0; sl_atr_mult=3.5; max_hold_hours=36; taker_fee_pct=0.004; breakeven_at_1r=False; min_ranging_score=99
T16606,2026-03-18 06:51:04,DELAYED TRAIL: conf6+trail2.0+activate2.5+TP4+SL3.5+hold36+maker,371,0.4960,-7.8628,42.14,0.6329,2.2604,15.73,0.0737,0.1145,1168,73,181,18,94,min_confluence_score=6; trailing_atr_mult=2.0; min_trail_activation_atr=2.5; tp_atr_mult=4.0; sl_atr_mult=3.5; max_hold_hours=36; taker_fee_pct=0.004; breakeven_at_1r=False
T16664,2026-03-18 06:52:01,DELAYED TRAIL: conf6+trail2.5+activate3.0+TP5+SL3.5+hold48+maker,281,0.4448,-6.9819,43.02,0.6290,2.0325,13.96,0.0947,0.1206,1612,47,151,9,69,min_confluence_score=6; trailing_atr_mult=2.5; min_trail_activation_atr=3.0; tp_atr_mult=5.0; sl_atr_mult=3.5; max_hold_hours=48; taker_fee_pct=0.004; breakeven_at_1r=False
T16721,2026-03-18 06:52:59,DELAYED TRAIL: conf6+trail1.5+activate2.0+TP3.5+SL3.5+hold36+maker,436,0.5344,-10.1139,39.89,0.5551,1.9295,20.23,0.0542,0.1120,998,63,259,32,77,min_confluence_score=6; trailing_atr_mult=1.5; min_trail_activation_atr=2.0; tp_atr_mult=3.5; sl_atr_mult=3.5; max_hold_hours=36; taker_fee_pct=0.004; breakeven_at_1r=False
T16779,2026-03-18 06:53:57,BEST D4 w/ late trail: trail1.5+activate2.0+TP3.5+SL3.5+hold36+maker,436,0.5344,-10.1139,39.89,0.5551,1.9295,20.23,0.0542,0.1120,998,63,259,32,77,min_confluence_score=6; trailing_atr_mult=1.5; min_trail_activation_atr=2.0; tp_atr_mult=3.5; sl_atr_mult=3.5; max_hold_hours=36; taker_fee_pct=0.004; breakeven_at_1r=False
T16866,2026-03-18 06:55:23,BINANCE FEE 0.1%: conf6+trail999+TP3.5+SL3.5+hold36,334,0.4970,-0.4675,49.53,0.9777,1.9803,6.55,0.1233,0.1246,1405,114,91,0,124,min_confluence_score=6; trailing_atr_mult=999.0; tp_atr_mult=3.5; sl_atr_mult=3.5; max_hold_hours=36; taker_fee_pct=0.001; breakeven_at_1r=False
T16923,2026-03-18 06:56:19,BINANCE FEE 0.1%: conf6+trail999+TP4+SL3.5+hold36,330,0.5182,3.5598,53.56,1.1756,2.2072,6.26,0.1394,0.1275,1458,103,86,0,136,min_confluence_score=6; trailing_atr_mult=999.0; tp_atr_mult=4.0; sl_atr_mult=3.5; max_hold_hours=36; taker_fee_pct=0.001; breakeven_at_1r=False
T16979,2026-03-18 06:57:16,BINANCE TAKER 0.1%: best D4,330,0.5182,3.5598,53.56,1.1756,2.2072,6.26,0.1394,0.1275,1458,103,86,0,136,min_confluence_score=6; trailing_atr_mult=999.0; tp_atr_mult=4.0; sl_atr_mult=3.5; max_hold_hours=36; taker_fee_pct=0.001; breakeven_at_1r=False
T17036,2026-03-18 06:58:12,CB ADVANCED 0.25%: conf6+trail999+TP4+SL3.5+hold36,340,0.5235,-0.0792,49.92,0.9964,2.1877,8.45,0.1221,0.1347,1431,111,91,0,133,min_confluence_score=6; trailing_atr_mult=999.0; tp_atr_mult=4.0; sl_atr_mult=3.5; max_hold_hours=36; taker_fee_pct=0.0025; breakeven_at_1r=False
T17093,2026-03-18 06:59:09,CB ADVANCED 0.25%: conf6+trail999+TP3.5+SL3.5+hold36,359,0.5153,-2.1485,47.85,0.9104,2.1551,10.13,0.1179,0.1377,1350,136,99,0,119,min_confluence_score=6; trailing_atr_mult=999.0; tp_atr_mult=3.5; sl_atr_mult=3.5; max_hold_hours=36; taker_fee_pct=0.0025; breakeven_at_1r=False
T17162,2026-03-18 07:00:13,BINANCE+conf5: wider universe,409,0.5355,1.8943,51.89,1.0789,0.5581,7.13,0.1183,0.1264,1430,117,113,0,174,min_confluence_score=5; trailing_atr_mult=999.0; tp_atr_mult=4.0; sl_atr_mult=3.5; max_hold_hours=36; taker_fee_pct=0.001; breakeven_at_1r=False
T17214,2026-03-18 07:01:13,BINANCE+conf6+kelly15%: bigger positions,285,0.5158,2.0053,52.01,1.0815,2.5437,9.65,0.1810,0.1783,1429,87,77,0,117,min_confluence_score=6; trailing_atr_mult=999.0; tp_atr_mult=4.0; sl_atr_mult=3.5; max_hold_hours=36; taker_fee_pct=0.001; breakeven_at_1r=False; kelly_fraction=0.15
T17273,2026-03-18 07:02:09,BINANCE+conf6+late_trail: trail3+activate3.5,322,0.5062,-1.0372,48.96,0.9459,2.0697,6.47,0.1113,0.1206,1502,52,133,3,129,min_confluence_score=6; trailing_atr_mult=3.0; min_trail_activation_atr=3.5; tp_atr_mult=5.0; sl_atr_mult=3.5; max_hold_hours=36; taker_fee_pct=0.001; breakeven_at_1r=False
T17329,2026-03-18 07:03:06,CB_ADV+conf6+TP4.5+SL3.5+hold36,299,0.4816,-1.3418,48.66,0.9321,2.1955,8.66,0.1279,0.1275,1547,82,77,0,135,min_confluence_score=6; trailing_atr_mult=999.0; tp_atr_mult=4.5; sl_atr_mult=3.5; max_hold_hours=36; taker_fee_pct=0.0025; breakeven_at_1r=False
T17386,2026-03-18 07:04:03,CB_ADV+conf6+TP4+SL3+hold48,295,0.4746,-2.3649,47.64,0.8896,2.0471,8.42,0.1361,0.1382,1638,106,108,0,76,min_confluence_score=6; trailing_atr_mult=999.0; tp_atr_mult=4.0; sl_atr_mult=3.0; max_hold_hours=48; taker_fee_pct=0.0025; breakeven_at_1r=False
T17534,2026-03-18 07:06:32,v3.2 FINAL CONFIG (CB taker fee),289,0.4291,-8.9742,41.03,0.5745,2.2789,17.95,0.0977,0.1278,1423,96,79,0,109,
T17599,2026-03-18 07:07:35,v3.2 FINAL CONFIG (CB maker 0.4%),333,0.5165,-3.9423,46.06,0.8238,2.3599,10.31,0.1072,0.1390,1422,112,87,0,129,taker_fee_pct=0.004
T17655,2026-03-18 07:08:30,v3.2 FINAL CONFIG (CB Advanced 0.25%),340,0.5235,-0.0792,49.92,0.9964,2.1877,8.45,0.1221,0.1347,1431,111,91,0,133,taker_fee_pct=0.0025
T17710,2026-03-18 07:09:26,v3.2 FINAL CONFIG (Binance 0.1%),330,0.5182,3.5598,53.56,1.1756,2.2072,6.26,0.1394,0.1275,1458,103,86,0,136,taker_fee_pct=0.001
BASE,2026-03-18 12:07:59,BASELINE - current config,289,0.4291,-8.9742,41.03,0.5745,2.2789,17.95,0.0977,0.1278,1423,96,79,0,109,
T35802,2026-03-18 12:11:13,TP=4.0 SL=1.0 (R:R=4.0),223,0.2511,-10.6539,39.35,0.3121,1.9380,21.31,0.0863,0.0927,731,43,163,0,17,sl_atr_mult=1.0
T35873,2026-03-18 12:12:22,TP=4.0 SL=1.2 (R:R=3.3),256,0.2891,-11.1946,38.81,0.3591,1.9979,22.39,0.0848,0.0960,801,60,175,0,19,sl_atr_mult=1.2
T35942,2026-03-18 12:13:28,TP=4.0 SL=1.5 (R:R=2.7),313,0.3450,-11.2259,38.77,0.4592,2.2916,22.45,0.0883,0.1013,930,87,186,0,35,sl_atr_mult=1.5
T36008,2026-03-18 12:14:32,TP=4.0 SL=1.8 (R:R=2.2),321,0.3894,-9.4060,40.59,0.5709,2.6501,18.81,0.1001,0.1118,1015,100,176,0,40,sl_atr_mult=1.8
T36072,2026-03-18 12:15:35,TP=4.0 SL=2.0 (R:R=2.0),330,0.3970,-9.4010,40.60,0.5779,2.6885,18.80,0.0983,0.1119,1050,105,167,0,53,sl_atr_mult=2.0
T36135,2026-03-18 12:16:38,TP=4.0 SL=2.5 (R:R=1.6),298,0.3926,-9.6930,40.31,0.5366,2.6653,19.39,0.0959,0.1156,1200,88,138,0,67,sl_atr_mult=2.5
T36198,2026-03-18 12:17:42,TP=4.0 SL=3.0 (R:R=1.3),272,0.3713,-10.9017,39.10,0.4797,2.4915,21.80,0.0995,0.1225,1277,81,128,0,60,sl_atr_mult=3.0
T36262,2026-03-18 12:18:43,TP=4.0 SL=3.5 (R:R=1.1),306,0.4314,-9.7160,40.28,0.5616,2.3016,19.43,0.0943,0.1274,1397,95,106,0,100,sl_atr_mult=3.5
T36330,2026-03-18 12:19:50,progressive_stop=OFF (baseline),289,0.4291,-8.9742,41.03,0.5745,2.2789,17.95,0.0977,0.1278,1423,96,79,0,109,progressive_stop=False
T36390,2026-03-18 12:20:50,progressive_stop=ON (default 50%/0.5x),306,0.4314,-9.7160,40.28,0.5616,2.3016,19.43,0.0943,0.1274,1397,95,106,0,100,progressive_stop=True
T36450,2026-03-18 12:21:52,prog_stop start=30% end=0.5x,301,0.4219,-9.5286,40.47,0.5596,2.3888,19.06,0.0953,0.1243,1339,99,113,0,84,progressive_stop=True; progressive_stop_start_pct=0.3; progressive_stop_end_mult=0.5
T36512,2026-03-18 12:22:52,prog_stop start=40% end=0.5x,312,0.4487,-8.2503,41.75,0.6151,2.3529,16.50,0.0942,0.1246,1377,102,106,0,99,progressive_stop=True; progressive_stop_start_pct=0.4; progressive_stop_end_mult=0.5
T36572,2026-03-18 12:23:53,prog_stop start=50% end=0.5x,306,0.4314,-9.7160,40.28,0.5616,2.3016,19.43,0.0943,0.1274,1397,95,106,0,100,progressive_stop=True; progressive_stop_start_pct=0.5; progressive_stop_end_mult=0.5
T36633,2026-03-18 12:24:53,prog_stop start=60% end=0.5x,309,0.4304,-9.5836,40.42,0.5704,2.4272,19.17,0.0957,0.1267,1403,97,106,0,101,progressive_stop=True; progressive_stop_start_pct=0.6; progressive_stop_end_mult=0.5
T36693,2026-03-18 12:25:54,prog_stop start=70% end=0.5x,313,0.4281,-10.5210,39.48,0.5596,2.3547,21.04,0.0998,0.1335,1380,102,117,0,90,progressive_stop=True; progressive_stop_start_pct=0.7; progressive_stop_end_mult=0.5
T36754,2026-03-18 12:26:56,prog_stop start=50% end=0.2x,297,0.4074,-10.1193,39.88,0.5427,2.5581,20.24,0.0993,0.1257,1330,89,143,0,62,progressive_stop=True; progressive_stop_start_pct=0.5; progressive_stop_end_mult=0.2
T36816,2026-03-18 12:27:56,prog_stop start=50% end=0.3x,333,0.4685,-8.0240,41.98,0.6488,2.5382,16.05,0.0950,0.1291,1333,113,131,0,84,progressive_stop=True; progressive_stop_start_pct=0.5; progressive_stop_end_mult=0.3
T36876,2026-03-18 12:28:57,prog_stop start=50% end=0.5x,306,0.4314,-9.7160,40.28,0.5616,2.3016,19.43,0.0943,0.1274,1397,95,106,0,100,progressive_stop=True; progressive_stop_start_pct=0.5; progressive_stop_end_mult=0.5
T36937,2026-03-18 12:30:03,prog_stop start=50% end=0.7x,298,0.4262,-9.8340,40.17,0.5509,2.2811,19.67,0.0950,0.1281,1434,91,99,0,105,progressive_stop=True; progressive_stop_start_pct=0.5; progressive_stop_end_mult=0.7
T36948,2026-03-18 12:30:12,fee=0.0% (zero),347,0.5245,5.8861,55.89,1.2847,2.2984,4.35,0.1459,0.1253,1382,110,129,0,103,taker_fee_pct=0.0; maker_fee_pct=0.0
T37003,2026-03-18 12:31:12,prog_stop start=50% end=1.0x,292,0.4144,-9.5063,40.49,0.5517,2.3916,19.01,0.0967,0.1240,1411,94,83,0,110,progressive_stop=True; progressive_stop_start_pct=0.5; progressive_stop_end_mult=1.0
T37012,2026-03-18 12:31:17,fee=0.1% (Binance VIP),348,0.5115,2.3427,52.34,1.1117,2.1850,5.22,0.1310,0.1234,1390,108,130,0,105,taker_fee_pct=0.001; maker_fee_pct=0.0006
T37072,2026-03-18 12:32:18,prog_stop + extend losers 6h,330,0.5000,-9.4444,40.56,0.5984,2.2602,18.89,0.0853,0.1425,1426,105,128,0,92,progressive_stop=True; time_exit_require_profit=True; time_exit_extension_hours=6
T37077,2026-03-18 12:32:23,fee=0.2% (Binance/Kraken),342,0.5088,-1.0435,48.96,0.9534,2.3571,7.08,0.1228,0.1334,1384,109,127,0,101,taker_fee_pct=0.002; maker_fee_pct=0.0012
T37138,2026-03-18 12:33:24,prog_stop + extend losers 12h,317,0.4858,-11.1163,38.88,0.5317,2.0129,22.23,0.0820,0.1456,1485,92,140,0,80,progressive_stop=True; time_exit_require_profit=True; time_exit_extension_hours=12
T37143,2026-03-18 12:33:28,fee=0.3% (CB Advanced),342,0.5088,-3.1747,46.83,0.8605,2.4295,9.63,0.1126,0.1355,1375,113,125,0,99,taker_fee_pct=0.003; maker_fee_pct=0.0018
T37208,2026-03-18 12:34:29,fee=0.4% (CB Active),335,0.4776,-5.8407,44.16,0.7479,2.5917,12.50,0.1083,0.1324,1374,105,127,0,98,taker_fee_pct=0.004; maker_fee_pct=0.0024
T37269,2026-03-18 12:35:31,fee=0.6% (CB Standard),306,0.4314,-9.7160,40.28,0.5616,2.3016,19.43,0.0943,0.1274,1397,95,106,0,100,taker_fee_pct=0.006; maker_fee_pct=0.0036
T37331,2026-03-18 12:36:35,fee=0.8% (CB Default),267,0.3820,-12.4729,37.53,0.4204,2.2842,24.95,0.0887,0.1304,1369,90,94,0,78,taker_fee_pct=0.008; maker_fee_pct=0.0048
T37411,2026-03-18 12:37:52,ALL pairs,306,0.4314,-9.7160,40.28,0.5616,2.3016,19.43,0.0943,0.1274,1397,95,106,0,100,
T37472,2026-03-18 12:38:31,DROP DOT/AVAX/UNI/SUI,298,0.4698,-7.5395,42.46,0.6191,2.3291,15.08,0.0875,0.1253,1355,104,101,0,88,
T37511,2026-03-18 12:38:52,TOP 6 ONLY (ATOM/LINK/DOGE/ETH/ADA/BTC),242,0.4793,-4.1751,45.82,0.7512,2.2365,8.88,0.1087,0.1332,1357,85,79,0,74,
T37532,2026-03-18 12:39:14,LARGE CAPS (BTC/ETH/SOL/XRP/DOGE/ADA),235,0.4638,-6.7334,43.27,0.5871,2.1847,13.47,0.0878,0.1294,1361,82,80,0,69,
T37554,2026-03-18 12:39:41,ALTS ONLY (no BTC/ETH),251,0.3825,-10.9713,39.03,0.4669,2.4777,21.94,0.1001,0.1328,1391,72,102,0,75,
T37599,2026-03-18 12:41:00,progressive_stop=OFF (baseline),289,0.4291,-8.9742,41.03,0.5745,2.2789,17.95,0.0977,0.1278,1423,96,79,0,109,progressive_stop=False
T37660,2026-03-18 12:42:01,progressive_stop=ON (default 50%/0.5x),306,0.4314,-9.7160,40.28,0.5616,2.3016,19.43,0.0943,0.1274,1397,95,106,0,100,progressive_stop=True
T37721,2026-03-18 12:43:03,prog_stop start=30% end=0.5x,301,0.4219,-9.5286,40.47,0.5596,2.3888,19.06,0.0953,0.1243,1339,99,113,0,84,progressive_stop=True; progressive_stop_start_pct=0.3; progressive_stop_end_mult=0.5
T37783,2026-03-18 12:44:03,prog_stop start=40% end=0.5x,312,0.4487,-8.2503,41.75,0.6151,2.3529,16.50,0.0942,0.1246,1377,102,106,0,99,progressive_stop=True; progressive_stop_start_pct=0.4; progressive_stop_end_mult=0.5
T37843,2026-03-18 12:45:03,prog_stop start=50% end=0.5x,306,0.4314,-9.7160,40.28,0.5616,2.3016,19.43,0.0943,0.1274,1397,95,106,0,100,progressive_stop=True; progressive_stop_start_pct=0.5; progressive_stop_end_mult=0.5
T37903,2026-03-18 12:46:04,prog_stop start=60% end=0.5x,309,0.4304,-9.5836,40.42,0.5704,2.4272,19.17,0.0957,0.1267,1403,97,106,0,101,progressive_stop=True; progressive_stop_start_pct=0.6; progressive_stop_end_mult=0.5
T37964,2026-03-18 12:47:05,prog_stop start=70% end=0.5x,313,0.4281,-10.5210,39.48,0.5596,2.3547,21.04,0.0998,0.1335,1380,102,117,0,90,progressive_stop=True; progressive_stop_start_pct=0.7; progressive_stop_end_mult=0.5
T38025,2026-03-18 12:48:07,prog_stop start=50% end=0.2x,297,0.4074,-10.1193,39.88,0.5427,2.5581,20.24,0.0993,0.1257,1330,89,143,0,62,progressive_stop=True; progressive_stop_start_pct=0.5; progressive_stop_end_mult=0.2
T38087,2026-03-18 12:49:07,prog_stop start=50% end=0.3x,333,0.4685,-8.0240,41.98,0.6488,2.5382,16.05,0.0950,0.1291,1333,113,131,0,84,progressive_stop=True; progressive_stop_start_pct=0.5; progressive_stop_end_mult=0.3
T38147,2026-03-18 12:50:08,prog_stop start=50% end=0.5x,306,0.4314,-9.7160,40.28,0.5616,2.3016,19.43,0.0943,0.1274,1397,95,106,0,100,progressive_stop=True; progressive_stop_start_pct=0.5; progressive_stop_end_mult=0.5
T40410,2026-03-18 13:28:18,progressive_stop=OFF (baseline),289,0.4291,-8.9742,41.03,0.5745,2.2789,17.95,0.0977,0.1278,1423,96,79,0,109,progressive_stop=False
T40498,2026-03-18 13:29:45,progressive_stop=ON (default 50%/0.5x),306,0.4314,-9.7160,40.28,0.5616,2.3016,19.43,0.0943,0.1274,1397,95,106,0,100,progressive_stop=True
T40586,2026-03-18 13:31:11,prog_stop start=30% end=0.5x,301,0.4219,-9.5286,40.47,0.5596,2.3888,19.06,0.0953,0.1243,1339,99,113,0,84,progressive_stop=True; progressive_stop_start_pct=0.3; progressive_stop_end_mult=0.5
T40671,2026-03-18 13:32:30,prog_stop start=40% end=0.5x,312,0.4487,-8.2503,41.75,0.6151,2.3529,16.50,0.0942,0.1246,1377,102,106,0,99,progressive_stop=True; progressive_stop_start_pct=0.4; progressive_stop_end_mult=0.5
T40750,2026-03-18 13:33:48,prog_stop start=50% end=0.5x,306,0.4314,-9.7160,40.28,0.5616,2.3016,19.43,0.0943,0.1274,1397,95,106,0,100,progressive_stop=True; progressive_stop_start_pct=0.5; progressive_stop_end_mult=0.5
T40828,2026-03-18 13:35:02,prog_stop start=60% end=0.5x,309,0.4304,-9.5836,40.42,0.5704,2.4272,19.17,0.0957,0.1267,1403,97,106,0,101,progressive_stop=True; progressive_stop_start_pct=0.6; progressive_stop_end_mult=0.5
T40902,2026-03-18 13:36:20,prog_stop start=70% end=0.5x,313,0.4281,-10.5210,39.48,0.5596,2.3547,21.04,0.0998,0.1335,1380,102,117,0,90,progressive_stop=True; progressive_stop_start_pct=0.7; progressive_stop_end_mult=0.5
T40980,2026-03-18 13:37:43,prog_stop start=50% end=0.2x,297,0.4074,-10.1193,39.88,0.5427,2.5581,20.24,0.0993,0.1257,1330,89,143,0,62,progressive_stop=True; progressive_stop_start_pct=0.5; progressive_stop_end_mult=0.2
T41063,2026-03-18 13:38:56,prog_stop start=50% end=0.3x,333,0.4685,-8.0240,41.98,0.6488,2.5382,16.05,0.0950,0.1291,1333,113,131,0,84,progressive_stop=True; progressive_stop_start_pct=0.5; progressive_stop_end_mult=0.3
T41136,2026-03-18 13:40:17,prog_stop start=50% end=0.5x,306,0.4314,-9.7160,40.28,0.5616,2.3016,19.43,0.0943,0.1274,1397,95,106,0,100,progressive_stop=True; progressive_stop_start_pct=0.5; progressive_stop_end_mult=0.5
T41217,2026-03-18 13:41:35,prog_stop start=50% end=0.7x,298,0.4262,-9.8340,40.17,0.5509,2.2811,19.67,0.0950,0.1281,1434,91,99,0,105,progressive_stop=True; progressive_stop_start_pct=0.5; progressive_stop_end_mult=0.7
T41295,2026-03-18 13:42:50,prog_stop start=50% end=1.0x,292,0.4144,-9.5063,40.49,0.5517,2.3916,19.01,0.0967,0.1240,1411,94,83,0,110,progressive_stop=True; progressive_stop_start_pct=0.5; progressive_stop_end_mult=1.0
T41370,2026-03-18 13:44:03,prog_stop + extend losers 6h,330,0.5000,-9.4444,40.56,0.5984,2.2602,18.89,0.0853,0.1425,1426,105,128,0,92,progressive_stop=True; time_exit_require_profit=True; time_exit_extension_hours=6
T41443,2026-03-18 13:45:10,prog_stop + extend losers 12h,317,0.4858,-11.1163,38.88,0.5317,2.0129,22.23,0.0820,0.1456,1485,92,140,0,80,progressive_stop=True; time_exit_require_profit=True; time_exit_extension_hours=12
T41518,2026-03-18 13:46:16,prog_stop + SL=2.0,253,0.4071,-6.3018,43.70,0.6268,2.3075,12.82,0.1028,0.1126,1084,81,125,0,42,progressive_stop=True; sl_atr_mult=2.0
T41576,2026-03-18 13:47:14,prog_stop + SL=2.5,261,0.4406,-6.7253,43.27,0.6369,2.3091,13.45,0.1026,0.1269,1199,83,116,0,57,progressive_stop=True; sl_atr_mult=2.5
T41634,2026-03-18 13:48:22,prog_stop + SL=1.5 + TP=3.5,246,0.3821,-7.2856,42.71,0.5588,2.2715,14.57,0.0982,0.1086,895,78,138,0,25,progressive_stop=True; sl_atr_mult=1.5; tp_atr_mult=3.5
T41702,2026-03-18 13:49:32,SL=2.0 + trail=1.5 after 2.5x ATR,258,0.4070,-9.1692,40.83,0.4319,2.4344,18.34,0.0664,0.1055,926,35,182,18,18,sl_atr_mult=2.0; trailing_atr_mult=1.5; min_trail_activation_atr=2.5
T41772,2026-03-18 13:50:46,SL=2.5 + trail=2.0 after 2.0x ATR,157,0.2611,-7.6288,42.37,0.3198,1.6450,15.26,0.0875,0.0967,951,22,112,7,14,sl_atr_mult=2.5; trailing_atr_mult=2.0; min_trail_activation_atr=2.0
T41846,2026-03-18 13:51:57,score=7 + SL=2.0,90,0.4000,-4.6314,45.37,0.4669,1.6210,9.26,0.1127,0.1609,1189,23,48,0,19,min_confluence_score=7; sl_atr_mult=2.0
T41917,2026-03-18 13:53:05,score=7 + SL=2.5 + TP=5.0,109,0.4037,-4.3309,45.67,0.5829,1.9699,8.66,0.1376,0.1597,1403,26,50,0,33,min_confluence_score=7; sl_atr_mult=2.5; tp_atr_mult=5.0
T41985,2026-03-18 13:54:05,BEST: prog+SL=2.0+trail=1.5@2.5x+filtered,258,0.4070,-9.1692,40.83,0.4319,2.4344,18.34,0.0664,0.1055,926,35,182,18,18,progressive_stop=True; sl_atr_mult=2.0; trailing_atr_mult=1.5; min_trail_activation_atr=2.5
T42045,2026-03-18 13:55:07,BEST2: prog+SL=2.5+trail=2.0@2.0x+filtered,157,0.2611,-7.6288,42.37,0.3198,1.6450,15.26,0.0875,0.0967,951,22,112,7,14,progressive_stop=True; sl_atr_mult=2.5; trailing_atr_mult=2.0; min_trail_activation_atr=2.0
T42107,2026-03-18 13:56:01,BINANCE: prog+SL=2.0+trail=1.5@2.5x,379,0.5198,2.0213,52.02,1.1157,2.5465,4.61,0.0989,0.0960,857,46,278,26,24,progressive_stop=True; sl_atr_mult=2.0; trailing_atr_mult=1.5; min_trail_activation_atr=2.5; taker_fee_pct=0.001; maker_fee_pct=0.001
T42161,2026-03-18 13:56:50,BINANCE: SL=2.5+trail=2.0@2.0x,426,0.5587,2.0180,52.02,1.1062,2.2090,4.50,0.0883,0.1011,912,76,290,19,36,sl_atr_mult=2.5; trailing_atr_mult=2.0; min_trail_activation_atr=2.0; taker_fee_pct=0.001; maker_fee_pct=0.001
T42210,2026-03-18 13:57:43,BINANCE: baseline (current v3.2 config),342,0.5205,4.5547,54.55,1.2348,2.3173,5.50,0.1346,0.1183,1345,110,126,0,101,taker_fee_pct=0.001; maker_fee_pct=0.001
T42284,2026-03-18 13:58:32,TOP6+prog50/0.3x @ CB 0.6%,253,0.5020,-3.9485,46.05,0.7689,2.2411,7.90,0.1034,0.1356,1338,92,94,0,63,progressive_stop=True; progressive_stop_start_pct=0.5; progressive_stop_end_mult=0.3
T42312,2026-03-18 13:59:03,TOP6 only @ CB 0.6%,252,0.5040,-3.7615,46.24,0.7772,2.2718,7.98,0.1033,0.1351,1362,90,82,0,76,
T42343,2026-03-18 13:59:32,TOP6+prog50/0.3x @ Binance 0.1%,281,0.5374,5.8002,55.80,1.3770,2.5255,3.85,0.1403,0.1183,1328,93,114,0,70,progressive_stop=True; progressive_stop_start_pct=0.5; progressive_stop_end_mult=0.3; taker_fee_pct=0.001; maker_fee_pct=0.001
T42372,2026-03-18 13:59:55,TOP6 @ Binance 0.1%,274,0.5292,4.6217,54.62,1.2909,2.2995,4.78,0.1414,0.1232,1343,87,102,0,81,taker_fee_pct=0.001; maker_fee_pct=0.001
T42395,2026-03-18 14:00:21,TOP6 @ CB Advanced 0.25%,283,0.5336,2.8354,52.84,1.1740,2.5165,4.59,0.1267,0.1235,1355,100,95,0,84,taker_fee_pct=0.0025; maker_fee_pct=0.0015
T42421,2026-03-18 14:00:47,TOP6+prog50/0.3x @ CB Advanced 0.25%,262,0.5076,2.3494,52.35,1.1470,2.3448,4.40,0.1379,0.1239,1313,92,103,0,63,progressive_stop=True; progressive_stop_start_pct=0.5; progressive_stop_end_mult=0.3; taker_fee_pct=0.0025; maker_fee_pct=0.0015
T42467,2026-03-18 14:01:40,TOP6+score7 @ Binance,155,0.5677,3.9059,53.91,1.3877,2.3781,2.11,0.1589,0.1504,1395,60,49,0,45,min_confluence_score=7; taker_fee_pct=0.001; maker_fee_pct=0.001
T42500,2026-03-18 14:02:09,TOP6+score7+prog @ Binance,166,0.5964,7.5954,57.60,1.7741,2.4879,2.35,0.1758,0.1464,1395,64,54,0,46,min_confluence_score=7; progressive_stop=True; progressive_stop_start_pct=0.5; progressive_stop_end_mult=0.3; taker_fee_pct=0.001; maker_fee_pct=0.001
T42529,2026-03-18 14:02:34,TOP6+hold24h @ Binance,305,0.5344,6.1119,56.11,1.4258,2.3821,3.16,0.1256,0.1011,1051,94,92,0,115,max_hold_hours=24; taker_fee_pct=0.001; maker_fee_pct=0.001
T42554,2026-03-18 14:02:56,TOP6+hold48h @ Binance,240,0.5292,2.9651,52.97,1.1907,2.2628,6.00,0.1458,0.1376,1613,95,92,0,48,max_hold_hours=48; taker_fee_pct=0.001; maker_fee_pct=0.001
T42576,2026-03-18 14:03:19,TOP6+prog+hold48h @ Binance,239,0.5272,3.9323,53.93,1.2605,2.2176,6.25,0.1510,0.1336,1593,95,101,0,38,progressive_stop=True; progressive_stop_start_pct=0.5; progressive_stop_end_mult=0.3; max_hold_hours=48; taker_fee_pct=0.001; maker_fee_pct=0.001
T42599,2026-03-18 14:03:42,TOP6+prog40/0.3x @ Binance,273,0.5201,4.9447,54.94,1.3143,2.3559,4.91,0.1456,0.1201,1308,91,117,0,61,progressive_stop=True; progressive_stop_start_pct=0.4; progressive_stop_end_mult=0.3; taker_fee_pct=0.001; maker_fee_pct=0.001
T42622,2026-03-18 14:04:06,TOP6+TP5.0 @ Binance,239,0.4895,3.2185,53.22,1.2279,2.1735,3.57,0.1482,0.1158,1491,52,92,0,91,tp_atr_mult=5.0; taker_fee_pct=0.001; maker_fee_pct=0.001
T42646,2026-03-18 14:04:28,TOP6+prog+TP5.0 @ Binance,241,0.4813,3.4561,53.46,1.2536,2.2272,3.82,0.1473,0.1090,1462,59,106,0,72,progressive_stop=True; progressive_stop_start_pct=0.5; progressive_stop_end_mult=0.3; tp_atr_mult=5.0; taker_fee_pct=0.001; maker_fee_pct=0.001
T42679,2026-03-18 14:05:11,BEST: TOP6+s7+prog @ CB 0.6%,95,0.4316,-4.2645,45.74,0.5199,1.8107,8.53,0.1126,0.1645,1407,32,36,0,27,min_confluence_score=7; progressive_stop=True; progressive_stop_start_pct=0.5; progressive_stop_end_mult=0.3
T42711,2026-03-18 14:05:42,BEST: TOP6+s7+prog @ CB Adv 0.25%,133,0.5263,0.0030,50.00,1.0003,2.2411,2.62,0.1429,0.1587,1375,47,52,0,33,min_confluence_score=7; progressive_stop=True; progressive_stop_start_pct=0.5; progressive_stop_end_mult=0.3; taker_fee_pct=0.0025; maker_fee_pct=0.0015
T42742,2026-03-18 14:06:12,BEST: TOP6+s7+prog @ Kraken 0.2%,136,0.5515,2.4384,52.44,1.2616,2.3268,2.38,0.1568,0.1528,1368,51,50,0,34,min_confluence_score=7; progressive_stop=True; progressive_stop_start_pct=0.5; progressive_stop_end_mult=0.3; taker_fee_pct=0.002; maker_fee_pct=0.001
T42772,2026-03-18 14:06:44,TOP6+s7+prog+hold24h @ Binance,144,0.5417,3.6507,53.65,1.4247,2.4061,3.29,0.1570,0.1302,1061,43,47,0,53,min_confluence_score=7; progressive_stop=True; progressive_stop_start_pct=0.5; progressive_stop_end_mult=0.3; max_hold_hours=24; taker_fee_pct=0.001; maker_fee_pct=0.001
T42805,2026-03-18 14:07:16,TOP6+s7 no prog @ Binance,155,0.5677,3.9059,53.91,1.3877,2.3781,2.11,0.1589,0.1504,1395,60,49,0,45,min_confluence_score=7; taker_fee_pct=0.001; maker_fee_pct=0.001
T42914,2026-03-18 14:09:13,TOP6+s7+prog+no_trending_up @ Binance,59,0.4576,-0.0588,49.94,0.9865,1.4836,1.74,0.1594,0.1363,1405,17,27,0,15,min_confluence_score=7; progressive_stop=True; progressive_stop_start_pct=0.5; progressive_stop_end_mult=0.3; taker_fee_pct=0.001; maker_fee_pct=0.001; min_ranging_score=99
T42953,2026-03-18 14:09:43,TOP6+s7+prog @ Binance (CONFIRM),166,0.5964,7.5954,57.60,1.7741,2.4879,2.35,0.1758,0.1464,1395,64,54,0,46,min_confluence_score=7; progressive_stop=True; progressive_stop_start_pct=0.5; progressive_stop_end_mult=0.3; taker_fee_pct=0.001; maker_fee_pct=0.001
T42983,2026-03-18 14:11:07,ALL14+s7+prog @ Binance,187,0.4706,-1.3212,48.68,0.9060,2.7332,5.66,0.1446,0.1419,1402,57,85,0,45,min_confluence_score=7; progressive_stop=True; progressive_stop_start_pct=0.5; progressive_stop_end_mult=0.3; taker_fee_pct=0.001; maker_fee_pct=0.001
BASE,2026-03-18 14:13:57,BASELINE - current config,95,0.4316,-4.2645,45.74,0.5199,1.8107,8.53,0.1126,0.1645,1407,32,36,0,27,
T43250,2026-03-18 14:14:43,v3.3 FINAL @ Binance 0.1%,166,0.5964,7.5954,57.60,1.7741,2.4879,2.35,0.1758,0.1464,1395,64,54,0,46,taker_fee_pct=0.001; maker_fee_pct=0.001
T61824,2026-03-18 19:25:35,v3.3 at binance 0.1% - buy vs sell check,187,0.4706,-1.3212,48.68,0.9060,2.7332,5.66,0.1446,0.1419,1402,57,85,0,45,taker_fee_pct=0.001
T61939,2026-03-18 19:27:19,binance fees buy vs sell,187,0.4706,-1.3212,48.68,0.9060,2.7332,5.66,0.1446,0.1419,1402,57,85,0,45,taker_fee_pct=0.001
T62049,2026-03-18 19:29:23,binance fees whitelist only,187,0.4706,-1.3212,48.68,0.9060,2.7332,5.66,0.1446,0.1419,1402,57,85,0,45,"taker_fee_pct=0.001; pairs=BTC,ETH,DOGE,ADA,ATOM,LINK"
T78431,2026-03-27 02:27:28,v3.5 BASELINE (old v3.4 params) @ CB 0.6%,379,0.4908,0.2851,50.29,1.0136,2.2747,9.40,0.1142,0.1085,1373,120,164,0,95,
T78454,2026-03-27 02:28:09,v3.5 TRENDING_BEAR (conf6+TP3x+SL2.5x+hold24h) @ CB 0.6%,195,0.4154,-2.7400,47.26,0.7077,1.5417,6.92,0.0819,0.0822,847,57,105,0,33,min_confluence_score=6; tp_atr_mult=3.0; sl_atr_mult=2.5; max_hold_hours=24
T78510,2026-03-27 02:28:46,v3.5 BASELINE @ Binance 0.1%,379,0.4908,0.2851,50.29,1.0136,2.2747,9.40,0.1142,0.1085,1373,120,164,0,95,taker_fee_pct=0.001
T78526,2026-03-27 02:29:21,v3.5 TRENDING_BEAR @ Binance 0.1%,195,0.4154,-2.7400,47.26,0.7077,1.5417,6.92,0.0819,0.0822,847,57,105,0,33,min_confluence_score=6; tp_atr_mult=3.0; sl_atr_mult=2.5; max_hold_hours=24; taker_fee_pct=0.001
T78561,2026-03-27 02:30:04,v3.5 HIGH_VOL_FEAR @ Binance 0.1%,83,0.3976,-1.2594,48.74,0.5947,0.6137,3.35,0.0560,0.0622,490,18,46,0,19,min_confluence_score=7; tp_atr_mult=2.5; sl_atr_mult=2.0; max_hold_hours=12; taker_fee_pct=0.001
T78604,2026-03-27 02:30:19,v3.5 TRENDING_BULL @ Binance 0.1%,377,0.4907,2.1116,52.11,1.1084,2.1417,8.00,0.1167,0.1015,1423,92,173,0,112,min_confluence_score=5; tp_atr_mult=5.0; sl_atr_mult=3.0; max_hold_hours=36; taker_fee_pct=0.001
T78620,2026-03-27 02:31:00,v3.5 LOW_VOL_CHOP @ Binance 0.1%,60,0.3500,-0.9652,49.03,0.5389,0.4642,2.10,0.0537,0.0537,286,13,34,0,13,min_confluence_score=7; tp_atr_mult=2.0; sl_atr_mult=1.5; max_hold_hours=8; taker_fee_pct=0.001
T78660,2026-03-27 02:31:17,v3.5 RECOVERY @ Binance 0.1%,436,0.4908,2.4152,52.42,1.1116,2.2287,8.92,0.1124,0.0975,1158,123,199,0,112,min_confluence_score=5; tp_atr_mult=4.0; sl_atr_mult=3.0; max_hold_hours=30; taker_fee_pct=0.001
T78688,2026-03-27 02:31:30,v3.5 BASELINE 30d bear @ CB 0.6%,118,0.4322,-2.9804,47.02,0.6251,2.0373,6.00,0.0974,0.1186,1290,29,64,0,24,
T78691,2026-03-27 02:31:36,v3.5 TRENDING_BEAR 30d bear @ CB 0.6%,44,0.2955,-1.1372,48.86,0.5776,0.9907,2.40,0.1196,0.0868,717,12,29,0,3,min_confluence_score=6; tp_atr_mult=3.0; sl_atr_mult=2.5; max_hold_hours=24
T78696,2026-03-27 02:31:42,v3.5 HIGH_VOL_FEAR 30d bear @ CB 0.6%,21,0.3810,-0.4389,49.56,0.4845,0.6452,1.24,0.0516,0.0655,450,5,11,0,5,min_confluence_score=7; tp_atr_mult=2.5; sl_atr_mult=2.0; max_hold_hours=12
T78703,2026-03-27 02:32:20,v3.3 REFERENCE (s7+prog) @ Binance 0.1%,85,0.4824,-0.4032,49.60,0.9270,1.1606,3.95,0.1249,0.1256,1330,29,40,0,16,min_confluence_score=7; progressive_stop=True; progressive_stop_end_mult=0.3; taker_fee_pct=0.001
T78740,2026-03-27 02:32:25,v3.3 REFERENCE (s7+prog) 30d @ Binance 0.1%,18,0.2222,-1.4442,48.56,0.2347,1.2537,2.89,0.1107,0.1348,1307,3,12,0,3,min_confluence_score=7; progressive_stop=True; progressive_stop_end_mult=0.3; taker_fee_pct=0.001
